-- phpMyAdmin SQL Dump
-- version 4.2.11
-- http://www.phpmyadmin.net
--
-- Host: 127.0.0.1
-- Generation Time: Mar 23, 2019 at 04:29 PM
-- Server version: 5.6.21
-- PHP Version: 5.6.3

SET SQL_MODE = "NO_AUTO_VALUE_ON_ZERO";
SET time_zone = "+00:00";


/*!40101 SET @OLD_CHARACTER_SET_CLIENT=@@CHARACTER_SET_CLIENT */;
/*!40101 SET @OLD_CHARACTER_SET_RESULTS=@@CHARACTER_SET_RESULTS */;
/*!40101 SET @OLD_COLLATION_CONNECTION=@@COLLATION_CONNECTION */;
/*!40101 SET NAMES utf8 */;

--
-- Database: `leave_request`
--

DELIMITER $$
--
-- Procedures
--
CREATE DEFINER=`root`@`localhost` PROCEDURE `raiseLeaveTotal`()
    NO SQL
BEGIN
DECLARE v_finished INTEGER DEFAULT 0;
DECLARE v_id varchar(100) DEFAULT "1";
DECLARE e_data_id CURSOR FOR SELECT LEAVETOTAL FROM tb_m_employee;
DECLARE CONTINUE HANDLER FOR NOT FOUND SET v_finished = 1;
OPEN e_data_id;
get_Id: LOOP FETCH e_data_id INTO v_id;
IF v_finished = 1
THEN LEAVE get_Id;
END IF;
UPDATE tb_m_employee SET LEAVETOTAL = v_id+1 where LEAVETOTAL = v_id and datediff(now(), JOINDATE) < '730';
UPDATE tb_m_employee SET LEAVETOTAL = v_id+14 where LEAVETOTAL = v_id and datediff(now(), JOINDATE) > '730' and month(now()) = '1';
END LOOP get_Id;
CLOSE e_data_id;
end$$

CREATE DEFINER=`root`@`localhost` PROCEDURE `resetLeaveTotal`()
    NO SQL
BEGIN
DECLARE v_finished INTEGER DEFAULT 0;
DECLARE v_id varchar(100) DEFAULT "1";
DECLARE e_data_id CURSOR FOR SELECT LEAVETOTAL FROM tb_m_employee;
DECLARE CONTINUE HANDLER FOR NOT FOUND SET v_finished = 1;
OPEN e_data_id;
get_Id: LOOP FETCH e_data_id INTO v_id;
IF v_finished = 1
THEN LEAVE get_Id;
END IF;
IF v_id > 7
THEN
UPDATE tb_m_employee SET LEAVETOTAL = '7' where LEAVETOTAL = v_id and datediff(now(), JOINDATE) < '730' and month(now()) = '7';
END IF;
IF v_id > 14
THEN
UPDATE tb_m_employee SET LEAVETOTAL = '14' where LEAVETOTAL = v_id and datediff(now(), JOINDATE) > '730' and month(now()) = '1';
END IF;
END LOOP get_Id;
CLOSE e_data_id;
end$$

--
-- Functions
--
CREATE DEFINER=`root`@`localhost` FUNCTION `nextIdEmployee`() RETURNS varchar(255) CHARSET latin1
BEGIN
DECLARE idBegin varchar(255);
DECLARE nextId varchar(255);
DECLARE idCount INT;
SELECT count(id) INTO idCount FROM tb_m_Employee;
SET idCount = idCount + 1;
SELECT value INTO idBegin FROM tb_m_parameter WHERE id = 'tb_m_employee_ID_BEGIN';
SET nextId = CONCAT(idBegin,idCount);
RETURN nextId;
END$$

CREATE DEFINER=`root`@`localhost` FUNCTION `nextIdJob`() RETURNS varchar(255) CHARSET latin1
BEGIN
DECLARE idBegin varchar(255);
DECLARE nextId varchar(255);
DECLARE idCount INT;
SELECT count(id) INTO idCount FROM tb_m_Job;
SET idCount = idCount + 1;
SELECT value INTO idBegin FROM tb_m_parameter WHERE id = 'tb_m_job_ID_BEGIN';
SET nextId = CONCAT(idBegin,idCount);
RETURN nextId;
END$$

CREATE DEFINER=`root`@`localhost` FUNCTION `nextIdLeaveDesc`() RETURNS varchar(255) CHARSET latin1
BEGIN
DECLARE idBegin varchar(255);
DECLARE nextId varchar(255);
DECLARE idCount INT;
SELECT count(id) INTO idCount FROM tb_m_leave_desc;
SET idCount = idCount + 1;
SELECT value INTO idBegin FROM tb_m_parameter WHERE id = 'tb_m_leave_desc_ID_BEGIN';
SET nextId = CONCAT(idBegin,idCount);
RETURN nextId;
END$$

CREATE DEFINER=`root`@`localhost` FUNCTION `nextIdLeaveType`() RETURNS varchar(25) CHARSET latin1
BEGIN
DECLARE idBegin varchar(255);
DECLARE nextId varchar(255);
DECLARE idCount INT;
SELECT count(id) INTO idCount FROM tb_m_leave_type;
SET idCount = idCount + 1;
SELECT value INTO idBegin FROM tb_m_parameter WHERE id = 'tb_m_leave_type_ID_BEGIN';
SET nextId = CONCAT(idBegin,idCount);
RETURN nextId;
END$$

CREATE DEFINER=`root`@`localhost` FUNCTION `nextIdLeave_History`() RETURNS varchar(25) CHARSET latin1
BEGIN
DECLARE idBegin varchar(255);
DECLARE nextId varchar(255);
DECLARE idCount INT;
SELECT count(id) INTO idCount FROM tb_t_leave_history;
SET idCount = idCount + 1;
SELECT value INTO idBegin FROM tb_m_parameter WHERE id = 'tb_t_leave_history_ID_BEGIN';
SET nextId = CONCAT(idBegin,idCount);
RETURN nextId;
END$$

CREATE DEFINER=`root`@`localhost` FUNCTION `nextIdMarriedStatus`() RETURNS varchar(255) CHARSET latin1
BEGIN
DECLARE idBegin varchar(255);
DECLARE nextId varchar(255);
DECLARE idCount INT;
SELECT count(id) INTO idCount FROM tb_m_married_status;
SET idCount = idCount + 1;
SELECT value INTO idBegin FROM tb_m_parameter WHERE id = 'tb_m_married_status_ID_BEGIN';
SET nextId = CONCAT(idBegin,idCount);
RETURN nextId;
END$$

CREATE DEFINER=`root`@`localhost` FUNCTION `nextIdRequest`() RETURNS varchar(255) CHARSET latin1
BEGIN
DECLARE idBegin varchar(255);
DECLARE nextId varchar(255);
DECLARE idCount INT;
SELECT count(id) INTO idCount FROM tb_m_request;
SET idCount = idCount + 1;
SELECT value INTO idBegin FROM tb_m_parameter WHERE id = 'tb_m_request_ID_BEGIN';
SET nextId = CONCAT(idBegin,idCount);
RETURN nextId;
END$$

CREATE DEFINER=`root`@`localhost` FUNCTION `nextIdRequest_Status`() RETURNS varchar(25) CHARSET latin1
BEGIN
DECLARE idBegin varchar(255);
DECLARE nextId varchar(255);
DECLARE idCount INT;
SELECT count(id) INTO idCount FROM tb_t_request_status;
SET idCount = idCount + 1;
SELECT value INTO idBegin FROM tb_m_parameter WHERE id = 'tb_t_request_status_ID_BEGIN';
SET nextId = CONCAT(idBegin,idCount);
RETURN nextId;
END$$

CREATE DEFINER=`root`@`localhost` FUNCTION `nextIdStatus`() RETURNS varchar(255) CHARSET latin1
BEGIN
DECLARE idBegin varchar(255);
DECLARE nextId varchar(255);
DECLARE idCount INT;
SELECT count(id) INTO idCount FROM tb_m_status;
SET idCount = idCount + 1;
SELECT value INTO idBegin FROM tb_m_parameter WHERE id = 'tb_m_status_ID_BEGIN';
SET nextId = CONCAT(idBegin,idCount);
RETURN nextId;
END$$

CREATE DEFINER=`root`@`localhost` FUNCTION `nextTb_m_employee`() RETURNS varchar(99) CHARSET latin1
BEGIN
DECLARE idBegin varchar(99);
DECLARE nextId varchar(99);
DECLARE idCount INT;
SELECT count(id) INTO idCount FROM tb_m_employee;
SET idCount = idCount + 1;
SELECT value INTO idBegin FROM TB_M_PARAMETER WHERE id = 'ID';
SET nextId = CONCAT(idBegin,idCount);
RETURN nextId;
END$$

DELIMITER ;

-- --------------------------------------------------------

--
-- Table structure for table `tb_m_employee`
--

CREATE TABLE IF NOT EXISTS `tb_m_employee` (
  `ID` varchar(25) NOT NULL DEFAULT '0',
  `NAME` varchar(120) DEFAULT NULL,
  `GENDERTYPE` tinyint(1) DEFAULT NULL,
  `LEAVETOTAL` bigint(20) DEFAULT NULL,
  `EMAIL` varchar(100) DEFAULT NULL,
  `PASSWORD` varchar(100) DEFAULT NULL,
  `MARRIEDSTATUS` varchar(25) DEFAULT NULL,
  `IDMANAGER` varchar(25) DEFAULT NULL,
  `PHOTO` blob,
  `JOB` varchar(25) DEFAULT NULL,
  `JOINDATE` date NOT NULL,
  `isDeleted` tinyint(1) DEFAULT '0',
  `isActive` tinyint(1) DEFAULT '0'
) ENGINE=InnoDB DEFAULT CHARSET=latin1;

--
-- Dumping data for table `tb_m_employee`
--

INSERT INTO `tb_m_employee` (`ID`, `NAME`, `GENDERTYPE`, `LEAVETOTAL`, `EMAIL`, `PASSWORD`, `MARRIEDSTATUS`, `IDMANAGER`, `PHOTO`, `JOB`, `JOINDATE`, `isDeleted`, `isActive`) VALUES
('11201', 'Alfa', 1, 14, 'asd@gmail.com', '$2a$10$dwrPe5cP9labjIro0pElBOnNPBV4g9NH09uDtlZdcse6L.nuUqhie', 'SN1', '11201', 0x89504e470d0a1a0a0000000d49484452000001ca0000015b080600000055a6ce3a0000001974455874536f6674776172650041646f626520496d616765526561647971c9653c000003b669545874584d4c3a636f6d2e61646f62652e786d7000000000003c3f787061636b657420626567696e3d22efbbbf222069643d2257354d304d7043656869487a7265537a4e54637a6b633964223f3e203c783a786d706d65746120786d6c6e733a783d2261646f62653a6e733a6d6574612f2220783a786d70746b3d2241646f626520584d5020436f726520352e332d633031312036362e3134353636312c20323031322f30322f30362d31343a35363a32372020202020202020223e203c7264663a52444620786d6c6e733a7264663d22687474703a2f2f7777772e77332e6f72672f313939392f30322f32322d7264662d73796e7461782d6e7323223e203c7264663a4465736372697074696f6e207264663a61626f75743d222220786d6c6e733a786d704d4d3d22687474703a2f2f6e732e61646f62652e636f6d2f7861702f312e302f6d6d2f2220786d6c6e733a73745265663d22687474703a2f2f6e732e61646f62652e636f6d2f7861702f312e302f73547970652f5265736f75726365526566232220786d6c6e733a786d703d22687474703a2f2f6e732e61646f62652e636f6d2f7861702f312e302f2220786d6c6e733a64633d22687474703a2f2f7075726c2e6f72672f64632f656c656d656e74732f312e312f2220786d704d4d3a446f63756d656e7449443d22786d702e6469643a42314439444546454133443631314531393830394643384335364439373841432220786d704d4d3a496e7374616e636549443d22786d702e6969643a42314439444546444133443631314531393830394643384335364439373841432220786d703a43726561746f72546f6f6c3d2241646f626520496c6c7573747261746f7220435333223e203c786d704d4d3a4465726976656446726f6d2073745265663a696e7374616e636549443d22757569643a3737353738333036384630334531313141453642414239383843464642443842222073745265663a646f63756d656e7449443d22757569643a3736353738333036384630334531313141453642414239383843464642443842222f3e203c64633a7469746c653e203c7264663a416c743e203c7264663a6c6920786d6c3a6c616e673d22782d64656661756c74223e4d4949204c6f676f20436f6c6f722028766563746f722c2063647220666f726d6174293c2f7264663a6c693e203c2f7264663a416c743e203c2f64633a7469746c653e203c2f7264663a4465736372697074696f6e3e203c2f7264663a5244463e203c2f783a786d706d6574613e203c3f787061636b657420656e643d2272223f3eb4e8c94900003b8a4944415478daec9d0d9814d599ef0f4a5811948620f225f4f0e1aaa0368aba6b74e971c575ef5e42938df16a1219b289311f8fcc449fec4d72af0c666376b32a8337595d930d83bbea55f32c833cbbeb153734576557c53022a8118146105845680c1f2ec6cbedb7e6d470baa6aabbaa3faaab7b7ebfe7a967667a66aaab4fbd75fee77dcf7bde33e0f8f1e30a22473c772473c7acdc91d0871bd9dcd19d3bd6e68eb43e0000a0820c402823432c77a472c7c202c2580c11ceaedcb1527f05000084b22104b2550b64ac82e7cde48ea5b9a3530b280000209475477b1504d2cdcb14c1ec403001421d002fd3cfdc0ee3f5b4fedacdf38850427196684fd2932dfb5e52bb7ff3963afadbc37d7e3778e01035f6b4296acce953d5d041be74561eca66fd8002407548e8673bae8f62cf64b73e5ed1229aa109114ae8a1458f36f3d8777897dafceeb3eae5779f51ef1c7ddbf7c9460c1aa1a68df8949a36f2f7d5d4919778fd595a0b2500544f24d7a8f2224419fdac92678050f230990fd38bbb56a9f57bff556d3db4b9ec938b685e7cc66c3573ecb56ae490f1e6af9a1559b100d522a507bf959c46b193f396f3ec2294fd09798836281d9211815cfdf63fa8fdc7f657e5cd668ebc4acd6efaa208a63c646d8ab02b403568512e11a20a239ee662d5939c07086543239e6452beb9f7853f0b145ead906066f4c87429a209501d915cbbfdd1debc82b1a74d5683070eb5be2f302d12d4cb94e7b79da647281b91dee49d4737fd50addff7cb50dffcfa29b7aa4bc7cf315f12c19ca7c8bc03a89848167bb64f3df9143566f06435fc9433d5d82171356978429d153b170f13a104d5337fb142be9170eb636fdd17ea9bcbbce5f72e7fccf9b20825c93d001510c943c7b2eaa18ded25e7194c8f5da6260d9ba6a68dbad2995b500c798e1728b26511ca3aa737796767f675d5d17d6be81770cbf4bbdcc23e4d3c5c009511c90737dc56b1a994718327a88b475d1d4434b3dabbece0d62094f5484c8b64421ea6bf7ae18beac8c71f867a0193874e535f9f99fffcfcd386f7bbfeeb8a5f2f8d72c31dbff3f234e6d3cf3aa33bd625a37e8daf7de5c2c4b9670d59522d9174f334af183fd7effc6697f62e994ea930036982aab2447b94d6c314b6480a9f3bf7f6bc9fb7ec3ea2722229a1e054d4fb4dcca7dfb126ca1777e3e4112a2792bd3f4b84e8c157bf5dd5e77a53f605eb9001efecf8e78b09a63cd3712d9624eb5590936882aad1a20fd5f5c67da165b89a48b6ab3374f3997f7c8b3b035082483e3cff9c5045d244e63e1fd8f45df537eb5bad8a5d05b0a77a12dc358432eac4b5376925ef3cbb7755e81720d97573cefe5ade6b4fbcf0aedaf4ee21ee0e4000be7bd1989a8aa49b604a76ad847d3db0a77c5ab87b9581d06b75900c572b7967d5f6076b72019f1a3d37af06ecbe0f8ea9cfad799b3b03108007af6a525f498ee9fdb91659eb6ec81294d70eac53d74dfd96ba6074b39758da09479ddc493ccaa861cd4bca68ef895fdf5d9351a72c07b976ea97f32fea97ef2875e4187707a0ce45d246fa96e56fdc654ded14eb8fb89b086594482a5d5460d59bf7d7645e529833e996bc9f5f7aeb0375d7aff67077004a1449a9b61325913491a91da9f4e5118aedcdbce7ae229451400cb2b7a840d895776c243bce198af9d25319ee0e40892229f3814feef879a4af5906e5b2fc4ca67b3cfaa64a176cef57304759392c4394adb282ce4bca02e3e1bf33468d1912ef7dedc38f8fa8dd87b6a93d47b7060adfce99f2d5bc9f7f9ade43020f40192259ab416f50a49f9024a39bcfff915b59bc84eea3e6719711ca5ad1bb2ef1a14d8b8a0a9b08e379237e5f4d1e7ea1af85c41bf7ae519bf7fd7bd107569683980f8824f0dcfc2c093c00414552c298327d522f22e9532ca58f92a9212af80484ca3ce523e18cedf2f5a92d3f53abdf79ccf58f64b986ec1379c5599f095acbb117593ff5d0eb77ba0ab19c7fe145f7e79dfb9b8fbda57eb2f9ddba6cd4e3775e4ec181fed619ddb1ae669d915324ab596d270ca43ff0104b99c89ca1285f1908e628cbc70ab98a88b989a464a0cace1ddfbf72954a9d736bc9222988f7f9e797fdbd754e27b21cc43cb724f0d4ab4802209295f12c5d127ccc652380508682157215637cfccdbbfb8cdcae38f34f32b26b87637b2b1319d5a5554f4163fbe82a34da93b591379dd7de478caf98f8d9bcd72e7d722b7707a0109f38593dfdd9737a45d22a24d00022992796b9cfe32296494531028432247a47660fbffafdecfe63fbcddf75fde9a4af2f98776e6bdce5ffa406a3d4626cd287a4a8b61b874cb6370db8fb5769099d4a6d5627124e91f9489bd913be90575ce0af9fda9993e9a3dc21800222f9e20de7aad9178c382192390fac5144d2463e8fccb5bab04491058b508680157295449b377fb3d1363819bab5dd935cbde0f209f39638fe3ead4551e6073a55b139820f3eb442a7673fd0adbed7b5bdcfaf67377dd1fa2acb414c8f551278befdd26eee0e401191bc64cae97922598be22061200949b264cd65a0df8a312094d5a437e4fac4967b952192cd3991ecd0221a37c5538b64ba943793620103eedd6089a08dcc474af6acec2860b270c536a53efa983b04e0432465a0dbc82269234bd664e99a838578950865b588e9b0857ae2b5de1275124e6dca89a47c6d5127b6b0ead602597e3a76f6a83ae3679bf3c472cee45bf29697acdeb85f3db2753f7708c087488a972525e01a5d2405f98c8fbf7e375e2542191a6258711989ca3e71434e1e9cd19e645619bb86182259b97de1b458da38d7605ef3cc0eee0e804f918c6a49ba6a213b8f48bf85578950561b11c24566c875fc90b3bbb5480a7699285b242bbfd3784e2cdde62cadd748e001282a925244bcbf89a4cdaa6d0f38b360a5bf4a6124086525b1b25c258bcc0ed7fcf6fffdf615fdbb76d593765d3d91d4dcf5eabb792158c98c95d700a0b0484a493abffbc34a0e8024cbb91db2a0bf1e91ecfce776fcc2cdab840250c2ce3f32ea4a4a6101b3acd5a461d3e58bd4515ca4c5715e3545d2e2a38fad6db37e906ab27efce63f6d278107c08748ba95a413e193e778c4e033d5f05346fb2a2b69230932078eee515b0fbca2b61ddc14b836732d787eef4a6bddb5b1a42ca18f6e8c06a12c176beed15958e0d44f9c9e55272a5dc8fac84c181773d71befab1fa8262b81e7e99d07b93b0026b1c1eabd2f4f53234f1fd4a7da8e5d6b79da199f722bf11608c93e97c31457194c6fdef76f6af3fee795637d7524102117afd2b167ed7c8412a12c97f6dc11975aae4ec3ff83f8e7e6ead158a7eaa9aa1392b51fb342aed7fcf336ee0e4011913ce5e4d3ac5292e78dba32af38473510d19423a56eb592679edbb5d24aa4899a57e9104a8998b5613c0865c98f5dee58282116312e1792eac45ac95039fb7fffda124c00e82b92c281237bd44dd31717acb12c03ceccbe9e7069f7eec32afbe16ffb9ef694812a317688f57d7ce4296aead8537d5d8eec0d2b87f41fabb7ff7d64762311af52327f8d62257145f815a12c03997b8caddaf2409fb90709e168ba55b5e725dd20cb15c053240533b42a82d8bdf390eade73583db9eb376ad3a163e50d3473ef77e32707abc499435472cab0deb9503744a86f98fe1d3573dfd56a75e6e1487898cfbdd3e5ac439d442811ca52905156abcc39c89a492712ceb1258ba6028896488a30766d7c5f3db3f303f5f4de43954f78cb0d541f91438a7cacdb69250fdd3861984a4e1ca6e65df4c9bc6bb1b1c3b26bb73faa9ed9f5484d137f64ce56caf7198309994662af4a84b2246f52addafa40b1bf7b85a602a8bd48caf672cb5f7e57fd647b36fc69899c108b68ca211ba68b68b6cc18d55b78dd6456d30d6adaa82bad6a39b5f42e5fdebbda14ca24c6e40eeb280b7b932d12c7f7da5160f0c0a1b412408d45f2e9ab27aaf67f795b0df8cbf5ead28736f5ecc35aebb97b2d9ad7fce20debba7e9aded3e74f241cfbf5991deacad1736a76999299eb00b144288379939231b7faed7ff0fc833143e2f6b7699a0ba006648f5a62140971f422775d37ff72bba760ca86ee92915b0b248b5fc2af06098c0aa10ce44dca5aa328ae8302803a440be6f93fde6885884d24a9a635715f4d2afe6c7e2fcfabbc901b855006f2263d9683b88e6b693200f0c3a6770f592162d998dd2c45297385379fffa3d0c5522a0a399c044028fd7b930132d248a906804048b858760332bdcb5a88a5239928c99d4128fdd012d09b0400288dec5175e9a3afab47d6fd47d614cbeba67e2bd4cb902570066cbb855016c4aac213d09b0400289d8f3e569f7f6aeb526554f7926a3e6126f848517703127a10ca82a472de642ca03749d815002a812cf65f60ff20093e33475e15ca1bef399ca1f5114adf2c2ac19b249107002a45a7299673cefe9a592ab36a1cf8cfbc652b496e0342e98518479cb94900888a58ca4e27d7fdeeed557f43afa22a80503a992f5578989b04802889a524f7cc1e777dd5df5076380184b21092c4932a54850700a006626925f8c8de91d50ec11e38ba871647280b92dab2efa51855780020627468c1547326df525da1fc702fad8d501664aeec420e001041c4abec96edb9a6c72eabda9bec3ffa1fb43442e949ecd0b16cca6dbfc962384a3f01005403c9ac97f9caec9ca9b7d01a08654d48bdfccebf94f3ff719a1000aa8cacd75e2c5b7385b5b612104a93b9cfede942280120eac87c657a76d317ab7272226408a5273bb3afa74a4de2318a0927312500088136bc4a84326c522fef5d5d89f3e0550240184808b663e6e8ab6909843234666ddeff7cb91e2942090061b278eac84bb223068da8d6f933343142d9cbd6fd1b92e5ae9dfcf0b7872cc1c594002024240b76e9156352082542597db6bcff72d9dbc9e8ed69d8960600c2a4e3e271d756744386c10387d2aa08651f92afedffb7b24f72e03fdf932f31c41200c2f42a870e1abeb4920508c60c89dbdfa6695e84d262dfe15dc94a54cc3ff0616f358b24e60400617a95d34656bc520fdb0622942758bffba98995388fb14484794a0008d5ab3c73e8a4ce0a9f938de811ca136c3bb8295ea973e9cc573c4a00089589b1694b2bb5abc888c167229408651f2a266cdb0e58b615432c012064bacf3cb5295389130d3f65b47cd941932294363123645a36bb0ff7dae95c4c0a00c2e4c86f3f585a11a11c3c068f12a13cc1dfac6fad6886eab60f7a6d2b85490140989c35f4ecae4a9c474ae329325e114a9b9c3719afe4f9a4688151a187652200101ad74efd7246955924a052f39c08656311aff409f53ca5b010b3028090292b643afc77c6e04d22947da8f8528ecdeff76efc4cf81500c2e69572fed92836000865f590e4a043c7acb5ba92fdda428b0040bd7894634f9b2c5fd6d28c08a549b21a277deddd67ed6f09bf02409894555167d28819f225433322945567fdde7fb5bf4d28d654024048dc935c9d2ef57f65bbaea18362657ba50825f842c2affb0eefb27f5c448b0040d499747a6fa23e428950f6705b7a7655976facdffd94fd6d12af120042a424a19b1c9b2e5fd2341f426912abe6c99fdfbbd2fc11af1200c2a2a479caf3465d8937895086cb918f3f542fee5a8557090091470a0de8f949325e11ca7079ee9d2ebc4a00883c178fbadafe364d6b2094a1221b426fd9f792e955b6d02a00506502874fa79d08bbb261334299472806b13af3b0f9e31255e5b95100e8f71c0cf2c71276a5103a42e9ca3dc9d5a14c5acb52918d7bd7d83fc6b4580200440223ecba92d640286bc6aa6d0f983fb628127b00202a4239ee8fe54b168f12a1f42294f0ab6cbfb576fba3e64b2b14215800a80ebe377b9839f22a3bdbb58b664328bd086dcdd033bb1eb18ba52b2d92cb303b00a8253347137645288b9309eb8d645de513afdd6dbe24db70b5627a00500b248967eac84be4db2c1e254259881d61bed9a6ec0b66628f20893d49cc0f00c2e68a71bd5be676d21a086521d261bfe1135bee3543b082cc57c6314100a8104507dfb253c8a5e3e7d83f2ea5c910ca42845ed7d025041b5324f7004088cc9ef005d359c8d02208a527f72457676b219612827564c1ca4e266b30430028073fbb2239bcc9e5b41a42e987742ddef4c91d3f573bb3af3bc5924c58002887a291a939936eb1bf154fb293264328fd50b36af90fbefa6de77c650b62090065902cf4cbc943a7a90b4637db3f32378950fa434ad99d7af22935796f99af7c70c36d882500548a89857ef9b9736fb7bfcde24d229441c84c3dfda29a55cc971d4656bd79bff365c412004a21eef58bd9e3aeb78b9fdbde243b852094fe99143bbfa6bb7aafdff74bf5e8a61fba8be5a08164c302805f926e2f4a02cf15133fdbeb1ce48e769a0aa10c44ce80d68a21d55a2c9fdaf2b33e62f9e27f3b27a13e7132160a0005b92d3d3be9f5bb9bce6bb76bba0a8b692d84b214ba2e3e6376cd2f62f53b8fa91777adca7bed9229a7ab176f3857a9d860ac14000ae1ba344442ae67c5ceb57f94e859274d85509642f71513ff345baba41e93c7debacf552cdffbf234357dd4502c1500bce8b36b8864b95e3bf5cbe64b6d341342593243070d8f8457698ba573ce72e4e983d4abdfbc407d63da28ac1500dc489a3fc8c0ffa60bdacd973a147b4e229465b2f28ab33ea3a2e0550a1e093eeac7d74f510f5ed5a498b704009bdbd2b3a5c2795ee2dfcde7ffc89c97cc28e62611ca0ad03572c8f8cca746cf8dcc0589582eebfe1fce7596ea2bc931cc5b0280495ed8f5fa29b79af392c202c5721084b2422c9714eaa8789582d48575294ad03b6f79e3e411dc3580fecd92118346b49a2269d4721508b9229415a5534215739a6e8ed445495182bf7ae18bcedab0d6bce5c3f3cf518fffc91442b100fd0f89abaec9f50badfb8fedb75eb870f8e55987484a962b093c086545c988588aa149b658949072771dddb7f6c98815aebb6c947a6fe10c75cd59c3b88300fd8364eed82e5f9fdbd5d53bd0bfe9c2c55dc6df48186a1e4d855056036bc27bce94af46f2e2ec8c58672856bccbfff395697897008def452e513ddbf259993aaf1d58275f3aee49ae9679c894f1b7f3147b4d2294d5f42a65225c16ea461149f291794b672816ef12a0e1bdc80db9a3773e52224c473efe70414e24dbb448da69ae229a699a0ca1acba57290b75a31682b591794bd9a6cbb101745feff2d441dc4d80fa26ae3dc835ca287a2e22b96ef7939d3991ecd42fd929fb229a9d341b42198657299962d6b63451ca823591794bd900da6d0949af77f9758a1400d4b140ca2e42db95a39880d4859669989d4732e6dac89416c80e9a0ea10cd3abcccab634379d7b47a42f5496904856ecc6bd6b5cbd4b2952f0e24dd3298107501f240d816c317fb1eff02ef537eb5badbad0228a396f32a37f257f27893c0b683e84324cc445b3d2aaa78ebc447d7ae297227db1e25d2e7fe32e4fef52d65d4a093cc2b10011e413275b6ba2dff8ea850b554f88b5c5f92732105efaabafa9ad8736db2f2dd75fa518fa858864f51970fcf8715ac19d357a8467659b4a224dd49150f1d5e36f54b39a6e70fdfdbe0f8ea925bf7c47ddf5eabb4a7df471a43fcbf13b2f1f8009f6b3cee88e75fda33312719c304ca5ce19614d9378215ee4e3afdf6d0aa490ce7993cd5a24a58f920cd734d68350d68ab8eac934b3b2c9ee7de1cfac449a7a40129164998ba394552f5b761f51edabdf568f6cdd8f5002421982305e337aa8bafaacd35572ca302bca5308890c3db7e317eaf9bd2bad8891831939a114919410ad14159881e52094b54626c957d8c62b4b33ea452c0559e622a5f98c02c979bcf4d607ea4b4f65d4a6770f21948050568a5307a91bc70c55c989c354f2ec616aead8537dffab64b4aedafea09b40aad3079ed6b5e88a7f94f99516fd92845c3bb11c84320a2cb30db31ec572c4a0116af6842f386b40e6b17ae37e75cd333b94ca1e452801a10c8824cbcd3ae354352b7eba6a3e376625d205c1f6205f7e6fb5b24bd2f5d1de934f51b75ef493ec194326d8a3de4cee68c26a10ca282121d8846dd44bd77fd5d3a0a34ab170acf0d3f41e75f3bfbfa3d49163082520946ee830eacc9c3026270d53b32f287d7302291c2265e8a4c28e9b076922d121c746cc78930865e4882b63be520cfca1d7daeb4e2c859923af5273cefe9a6738b657309f7dbba6093f08254219098c306a62fc90a2f38b7ec4f1e5bdabd5e6fdcffbee3fc60d9ea0be75d9df992fe14d229491c5ce328bd99e65bd85617b9ffd934f51b2ff66a1f9cb5a67c8229408654d880d56df18779abaf0cc2181e7175d9fa3c3bbd4b6031bd4d6ec26b5ed83ee9206d7ad89fb9c9120c974edc26210caa8d2a27ae62c55bd8ba5e067feb2568289502294610a63a9f38b6e1ee3b603dd6adbc1cd6af7912d65479d5c42aee9dcd18cb5209488650d0473cea45bd405a39b23239808254259154e1da4bed114ab98306ed9f792da7ae0959c306e72ae772c1b9790ab20cb41bab11684b21e902afe4bcc17eaa528412124e16776fcf35645a24282b970c5b6aaafc1442811ca8aa0936f3e3b7544d9a15409a3eefecd16b52dfb6a4e185fa9eae058a647165e74bf92529a06525eb31d4b4128eb89de6523365d6fdca79eddbbaaee3f981fc1ac76d1028412a12cd76b9c7bee88b2b352258cbafb70a6e4f9c552997fce779d119e8cf626b3580a4259f762290b86a5ba7f232019b2b39bbee81cd58622980825421988d860f5a3f346aad4059f2cd96bb4c3a87b44187ff34ad1251bd5c2655e5210d54c63250865bdd2270c2b2351d933b2560f5a230826428950565b1cab39bf58ceb376c3f4ef385f26e48a5036042dca48f01124c9e7a18ded917900c314cc6ffed376f5f4ce830825545e283f71b2fac6d99f54f32f1e15784d631485d144a63cbe3eb3cf96926945962b42d9c8622934cabc6550c194b278dffabfbb4aae238b502294265226ee8e4b4617dc6dc38924df6c7ef7596ba9462d43a97e900cd79b67dce35cd72cf3914d8a794984b2c1c82b4a6023fbc93db1e5de8609c50a7e8a16942398082542696f47d53e7b82efd0aa3c6b92951aa4f24d44455260290842d9d062b94c7fcd1bddbaec2dd7af043348e17584b21f0b654e20bf7bfe28d576d5b8a2eb1c658ae3b59cd728956ffcd44cad2391a4962b42d9f088d5cbf65c49e72f9edaf233b5fa9dc71aee03fb154cbf85d711ca7ed8197dff85e37e0552b2cb37ef7b416dcabe50b79f57e6246fbaa0dded7969cb1d1d580442d95f906cd856e78bf55c54bda28259a0f03a42d9ef0696adfb3e38b6a890404a32cefabdcfd4a5e7e8c423bb55692f7201268150f6375ab460e6a986848c9ed9f650c325fa988239a7e9e692ebc82294fd0619482e723e1fbd367278975abffba9827b35d61b1eeb24114984b2dfe33a6f698f921f7ff3ee86f42e05bf85d79d65f110ca8627a907908942de63bd9785740e1eaf9bfa2dd79acaefbcff61d7b84f9e320fb34028fb3b31dd31b4387fd1e8dea52d98c50aafcb1acccffce35b56862c42d9d0cfc122e5322521c8dce3fabdffda70496f92b473d3f4c5ae4baafefaa99deadbeb762eced97c3be68150420f2dca2514db1fbc4bc14f1d59c9909d7dc108593f96c15c1ace8b94c84adc4d2057bffd0f0d69fb578e9ea352e7dceafabbcf2f7fc38ea42094082538908e42b26213fdd1bbb40573ce94af3a37a47522997f52be8b05d7f58f6b625b230ba444513e77f6edae8342996ef8fc635bcc0a56082542091ec883b1c8ed179219fbc4afefaeeb7d2efde0a3ca8f88a4a4cb77622e8d332894e8c9eaccc30d1762b591841dafccef97defa405dfae456e79a628412a184022474471277fbe5daed8faa67763dd250557d9cf85c5292d68249a592fa21a57a42adbd37552226abdebcbfa192744c2452f2b9736ff71cf815581685502294508482090e9222bf6acb0375bdb8daaf60165b52a208c7d60b7d76d569e4419f24ebcc997c8be7dcbb4ba815a14428a14492ca23d941e80fc93e7e3a1d2d92b2deac0b93892479fbb4366af946c1cff227ab7ce33f6f2b568d0aa1442821a077692fc27645cae03dbf776543876385e9b1cbd49ca9b7149abf4c6bc1cc603691b15d11c994fd8224ebacdafe60c3d9aa8458af183fb7e072271f5e2442895042399cffe38d6b7e7e6d3ce9b5e75e7f0ac7cafca5472513dbbb94502cb5316b2f92b2738e95b4d3887391628be70dbf3c2790a962d9daea7b5ddb5d2b4e2194082554f2c6dcb14e3a9de437a68d52ed7f3cc1b348747f09c7164ab5c7bb8c9648365ac6b64c055c312ea5ce1b7565c1fac582dfa2ff082542091514ca9ea1ec20f578f384829bd6f687ec5841c2b1d79d77bb578785775963919481db43afdf59f77628e278f1a8abd5b49c3816daa0bc0202895022945011a1d45c73d630f5e33f69f2dcc4b6bf142b9010d8d5e36f54b39a6e28e45dce5364c6862a92321ff9d85bf7d5f5206cd2b069bec5b14202895022945049a1b4d09bdafe20d5e4f9bf12fa5af5d6df36ec626e9b22d57dc88cad3ebdd9adf5b8cfaad8cfa461d3d5e4e117162ca9e8446a122f7d76b7fac99bef0799834428114a084d287bddaa41eae9ff32496aa27afec9c6bd6bd4aa6d0f34fcfc65816d8b844ed553a800efb24a22f9e8a61f463e6947a21063064f2e491805c9605df1abf7d57d9bdeb38af657018412a1848a0ba5a65838d61eed37fa72129953baee776ff7f22ebbb57749559fcad0a28532b22229dee2d8a1937247931a33744ad12cd542e2f88b2dfbfd2ef14028114a88a250da7cf7a231aaedaa719ed9b18d5e3acce6d313bfe4357749cdd8ca2036b9264a222983a43143a6a8b143e26aec6953027b8b261256eddaf8be7a66e7076188234289504298426971ea20f5e0ef8d535f498ef1fc93fe307f59a4de66a76217f95289e78e0db923562b91946542634f9d6a25dd942b8ab630a6df3ca8d23b0eaa47f61caa44520e42895042a48552337dd450f5f36be3caab5881d54134f8facb42bbc9ab9e10ac64c566b0b4408848266429d2933b7e1edaa047e615c79e36594d1a31a3e83ac662c8ce1de9b70eaaeeff385c6b614428114aa8a550dadc3879845a3a6f9267385668f4f597b28dd79cb3bfe6d6c14a28b659316fe9176b3fc96a2e0191c1cda4d32eacb8b7f84a4e14d7be77a45a493808254209f52c94163e969334fafacb22893e1286edc4e20a22b55b5748d8bea3fbd6aa08e3a4e18992126e4c51ecde794875ef39ac9edcf51bb5e9c0d14a2edd4028114a84b2a185b2b7572a5edda791777928b2859754f269c3ea5c11577c7bce36624b7ff5b5b2230f124a9df6c9cbca1246c946dd9039a4d2db0eaaf5394ff1e9f78f4629848a50229450b742a9e9eff397578e9ea352e7b87a459d8af5966eac38742c9b7a70c36d25d56e95e49b69233ea526c5ce2fb8d346316fb137e14644317bb411db19a14428212a4269d39fe72f25147bf38c7bdce62d65beb219b1ec454ad3cdff5f2f7d339939fceb4450af31482938133be1c65aa2b1f750bd8550114a84121a45282df4fc65b1f5978d387f29a1d89bcfff915bf80fb134b82d3dbb45e9e20285da52e61aa78dbcccd70e1b2e489ba7ffe8a79b5bfb913022940825d48550f6f674fd73fd6581794b32627b4452bc48b1c3985bdbc9de8cd346fe5e2921d58cea295cbf527fcd6a9befcf9d1142196106d20420891037ff72bb55c7f2de3f18ef5a3f563cafafcfec68a8fab1125296a50e473f3ae4ace663ef8ad1dfc572992992658aa314a75fabbf6678e800a184ba44d6995df38b37d48d1b46a8f6d9135cebc74a07290bbf9fdbf18bbadb2dc20b593cbffb7046dd30fd3b88e5096f52bc9b842172cbbf7fe5aa45c66b41bc4676700184121a8b47b6ee578fbc7dd073fe52e6a064b78e9963af6d98e524528eedc3eec3ce4da1fba558e644329efb324be96dcaee49ae96d0e8121f2299b1455551c8011a08e628a37a63c29ca32c848ff9cb460ac77a64c4f6f739cba41e30b8d1ad85315d6efb3047c91c65543989268082e8f9cbf37fbcd14adb7743c2b10b67feadb52f64bd236b0565cda064fb1ad89e65a21f5a807cf6152e9ea3ac3995724f33544fc1063c484028a17f23f397973eb4497d7ef91b566514277638f63b972cb3d6d121960d839dd093d18238430b6487222907104a80bec8fce5194b37a8bf7e6aa7ebef6581b964c75e3fe5562b4bb241c532d64f6eb70c0aecb07393f622f11c01a10428ca471fab6fafdba906fce57ab57aa3fbbca4ac4dfcf3cbfededabd03b1ac5b441425a1278dd1034209500a478e59cb49fee8a79bad7a9c4e241c2b4b2e6e997e9755f3b381c4d25e880f00082540719ede79509dfd77afaaef756d77fdbdec2b58cfc93e05c47219771f00a104f0c7471fabbb7eb5470db877836b38d64ef6694ddc672dc16810b16cc91deddc7c008412c03fd9a35638d62b3b564ae17debb2bfab4befd2432c1769c104008412c03f7676ec4fd37b5c7f5fafdea588e5aa37ef77beeca76a0d002094000e3efab8b758815bb28f78975205473653ae27a4dcdda39b7e68be642fca8f71d301104a80c048b182b31fe8764df691b9cbd439b75a99b1f5b4ee52c4f2c55d797b74c615c93d0008254039d8c93e6ea5f0243356d65d4e8f5d56379f47b6e8dab2ef25f3a59422b90700a104288bec51ab149e9777b920f117ead313bf54371fe7a1d7efb436b53608b2151500d4016cb30535f32eefda96552f7e7ab2ba64cae979bf934d94270d4fa8277e7db7953c136564f367b94ec78e23325f293551b3b5baae0177ac4baa9e5d3f64bbac5801f196ea3b99dcf14aee481fbff3f234d609e0789ed8662ba237262adb6c85c0772f1aa37e906aeaf3ba2cc378e2b5bbd5a6ec0b91ff0c52aacfb1f1b3eccb38af06e2385ff584804b4d2ccaea6b5f1eb668b2cd16db6c451542af1009efd26deeb29e42b192dcb376fba3e64b297d8421302db94362d932b86a51e565dfc6f439d6e4ceb941ce8d85024209100564eef2d1d75d77259150acacb98c7a56ec933b7eee9caf5ca6aab864443c481133fd3ef12abc8555a64fa21bb98379574028016a8ede95448aac2bc7fc9eacb994acd8a8172878e8b576b3724f4c5561c9484eb462b963890a6f7fcc64ee10efb21d230584122002489175d5b3ff61da7c5d42b1923413e5adbbf61fdbefacdc53d1106c4eace25a205b6bf0f116e9702c851500a1048800f686c18b9d6229493351ae152bf3951bf7e6edc2559110ac0e7f6e50b55d7e92d0de25a1584028012242bb16ccbc50acd48abd7ecaad91bde827b6dceb0cc12eaa80484665c368cbab452c01a104880e69d5138aed365fbc74fc9cc826f958eb2b5fbbdb7c4942a5c906104953fcd71086058412203a887b268bf83bcd17adc2eae7ff28926229eb3f1d21d8252588a49d10144541422c01a10488200bf4d1472ca39811eb08c18a67d812f014cb54b44be2c9b52dc22c01a10488169dca5122cedeb22b6a622921584716ec12bfde61ce530bad684199b4eaaa40000825408490f9ca6665cc5bdacb47a2269692056bec322222597469871172ad17d8620c104a00c4b2741e7f332fb167a12a5e49a755d5d746d0f19cb8b76292805002448f3e493e51144b294460d4822db85c447b930bebf05e2cc41c01a104882e0ba22e96cfec7ac44cec6929e055b6d49937697a952d9822209400d116cbc5a6585ef7bbb74766e98824f63cb3ed21f3252faf727e1ddf83f99821209400d1a65d19cb47a2b6cef2d9bdabd4bec3bb3cbd4a5d5ca09e2bde24753d5a00841220c2743ac5f2a673ef88ccc5addaf24021af32d900ed9fc40401a104a833b19c3af292c8d486958a3dc67211a75739b701da7e16e6070825401d8aa5d4868dca165dab330fdbdfcad216b3e07b23141ac7a3048412a0cec4b237c147b6e89a3c745acd2f6aeba1cdead5bd6bed75a09650ea65218d5037358ed9014209505fb42b63e9c84d17b44722b9a7f38dbfc836a037a9b4e8b305172094007546ef3a4b59361291e49ee46de9d9c9066d6f7614018412a00e6953badc9d24f7cc1e777d14ae89758700082540649030a7cc0966e4876ba77eb9a6957bcef89d33325abc0100a104889458ced35fd54dd317d764be52b26ffffbef3f12bf27b99a10250042091039ba6d4f6ee490f1eaeaf13786fae6578e9e6365df6ad8f41800a10488249db9a343be99d57443684b46a4e841ea9cbcc2072deac4728a6c830d4600104a803aa737b967ce94af56f58d24bc3bff9cef5a450f5cb0bccae3775ede30e292fb2c59cc0b104a80c6c09aaf947ab01212ad96484a61f60b46377bfd49a2c13cb1346605082540e390d19ea5ba7ad24d154fec91ac5a114911620fecea3c8d24326b312b4028011a8bcedcd12585082a99d86389e48c7b0a8964a7324ad83590c8e051024209d08048e59eac24f68c1834a2ec934d8f5d6689a4886f01915ce0104999dbeb52f59dd493cd7d068412104a800644c4c90ac1ce9ef085b24e246b241724fea29048b62963571317baeadc3b074028011a14e9e4d392995aaa572965f18c35925e9e6b4791d32cade3365c8a19014209d0d894ec55ca1a49298b57c0636df6e371e96522e97a1c68e4ae3d8309014209d0d88848758a57e9370356feee96e97779ad9134453288f82daec3b65b8cf9004209d07fbccaeca746cff52592b2fc4376232920bc3354c0f5913a21a6b38edaac036f12104a80fe8378804b678ebdb6e01fc9f28f8517ddef678d64a902d2a6ea230336833709082540ffa363e490f15959e6e12592b2fc438aaa7bd0a93dc992854e97819b57076d358f9275805002f453aff2e2d17fd8e717b2fcc3e71ac9b2d121d828ef59b9a0916ad40220940001bdca0b463767cda41e114959fe51402417544a240db1ec50d19caf9479c94ecc04104a80feed55769d37fc72eb874f4ffc929f359255118e9c2055eddc25224b41da301140280160f1ccd1575b6b24a5bc5d01419d516d21d3621985a49905fa5a00104a005099a9232fe9f2b146329479ba9c40b52bbd35588d3cec66c2ad8050028093e51eaf8b3836a990f790d485d3c5834d87f8b6f29e4d143c87fec8409a00c0974888376566f0a46be8d929bdb8bf79c01deb92b9afcb7247bc4a6f259f73310209789400508c4ec7f7cd2a02c50044c072479316ed4a8a990c0e24ccda8c48021e2500f841c2afadaa67e78fc8657bea706c57cec314cf32953ba4fe5e32c029b25a6865e3e82ecad10120940041e9d65e5ba4f78ad402d7a10f9513ce84ea09197b89a6886396a2010008254025a8bb0d950d014c73fb004a83394a0000008412000000a10400004028010000104a0000008412000000a10400004028010000104a0000008412000000104a0000008412000000a10400004028010000104a0000008412000000a10400004028010000104a0000008412000000104a0000008412000000a10400004028010000104a0000008412000000a10400004028010000104a0000004028010000104a0000008412000000a10400004028010000104a0000008412000000a10400004028010000104a0000004028010000104a0000008412000000a10400004028010000104a0000008412000000a1040000402801000000a10400004028010000104a0000008412000000a10400004028010000104a0000008412000000a1040000e8b70ca409224b5bee88d10cd08f68eec79f3dc3ed8f2e038e1f3f4e2b00000020940000000825000000420900008050020000209400000008250000004209000080500200002094000000805002000020940000000825000000420900008050020000209400000008250000004209000080500200002094000000805002000020940000000825000000420900008050020000209400000008250000004209000080500200000042090000805002000020940000000825000000420900008050020000209400000008250000004209000080500200000042090000805002000020940000002108a5fa9fcf271daf751fbff3f2acef13dcb12eefff73ff9b76fc3e96fb92d03f6673bfef7679bd54ccf3c9b96201fe3793fbdf4c498d96ff9903b597c7f95cdbc8f8bdf9d97c5fb7f97fe67d71deb390dbddf53c3e3e4bca68a359d20eb96387b47fee4817bb07b9ff8fe7bec4ab716d85dabd4c3bb33ff330fd55aee7a0febce92076eae7ef8b7c8e3c3b773ebf7ecfeff8bf3e6d53866d166d676d0329fd9966e997d7cabdce1d5d7eee5335ecc8ed9c41ee974b5feacb769defebf59e15eaab7bef8fe37d0bda4000bb0aa4630edb2eda5e0373c71ac76b1db9a32dc083b4a68ff8e663fe8d7ce86697d74bc53cdf92dc910cd811c80d5a9e6ba4f68022695e7767ee5850e6e7f06a23e5f2d9b2b96b68f229cee6ff99f7a5a6edee711eaf077991d1b915ba2f721f1617e8ec5af4b982d887d5811639af5ba7b2c614cadcd114f07dc51e17ba7c66bb9d17e96b93ebea2870aa35059e4b15d07e9af5fd72b359b9e6b622d7e2f67f8b73477b816b0e82dbb9cc7ecacb4eedd796e4fe2eaddbb450e75c8e1db5793cb77dcea99f71bf032cf9df56bfcf95e3fea67cbc6725fa6af3fe989fb7980d0cf0d1becbf4397bfb641f021be8193dc9e5b554800f3fbfce3deab8ee743694f19953ba730c0b79af650d1feae8f1a636e807c04ffbcadf6dd09d6225dbda3eaf5f2fc229eaf1205e927ee817f9f8cc31ddb947c516160568a330eda845db919f7b600d82f5404555c18eb607b4235585bf3507742917c1adb77ec24d2417f8b009e7339a2ae651f6110fe96c7c869d52657cc68c1e4db831d1f8f096d757e01c6eb4e93055a10762bee1fe27e4e128e6596ae3b2af2bab1bdb36b8ce10ed43c43995bbdeae324677d568f7b40e6505b1012f915c61869274fbae74849013fa3eb618f7423aba194546e39d053e9b3d829e6b74aef6e0c4cf287dbec33e94f60ed33e1efa16e743afafd30a2369fb4beaf3d9d7d6927b7d4790a848950770cd153ce7e280d109b7f65ce6b0b7a5ca08b36ae14a6a91881ba23fb158871b821d75f8b099940a160a3607966efd8a9bd75ba8af9e657cbe42cf7fbad206578a48167846e76bafdfb750daff542cae9e28f106596843f50a9524cd0ebb844ea0bb88eb2dbf6bcfbdcf0a43ec177a5d8fc7c0a0d308772c0a59288565122a2a657ed4ab3d2bd0ee6bcbedb075c765766e6287f3dc844f0fe6ba73ffb3548752e2daf0e57e147a6076f8b08f0e47479b2c3680343a5dfb1cf633221d50dc4728cd1cd1f70965ea7b2d0f7397a393f063bb61206dd4ea33045bb29dfab4a3a4c38e3a954be853df93cedcdf4bbb2e31da5406202b8b0c46ab6247c6e0dd8fcdcc2db189161adf77e8becc75d05fa4af6e376c7e6d5803361791f415fa777946e3fa392df88c9ee4b8a9d9009ea2a9caddaa3e313bd3988fb09d695c4b8dcf1daf40824ca923f846c30c3b8ad13617eb2cf4efcd7bd952897078eebc9d0edb4e06b08f950e6fa3c5c75bc68d414a47916b5b6078e4b11ad89f174b2a1cfe2e7920697c2f1ee48242834af99d6e535318975448f083d8512660c42e5524ca53ccc9e972d8e9c2a877102e22b920c0e0ccfcbfb57e3fbb738eb2cbe8f8133e6f509721b07585cb83132b625c09c363b5c338ce8143b559ec0895a45483e0086ddb0f40d6e7bd4c3bc23bf10a5d56b71ffb707908bb1c23f36ad847da18acd6f2194c3bda69598ded2869dcffac0a966cb7c068cbb8f6062b41d6a71d75f9152dfdecc75cfe2f8837b9527bb719c3934d46b88f7013c9ce00a798ef68eb2e3f8359a750aef4f3603b0c71659d77cc5ec65ca88197bb18674b48493d69953f77b12ce464a26a628a7ea684250d32889030ed80529776b890f0631fce4e4b7b281947d4a158a71ba883d65e927cd6e115fcbce54467b24667db5ec36b99eff0267d0f22f4df9a1defdc0a5d53cc673f733080c332d7f0267df5c32e493cf67bd562d01faa483ae67365daca5e9a923622332d458552c7e3fd845f7bc3ae65249444224c641a6f91cec66cc04e8f87aa3544af32633c808d12829de531b2f6dbc9a52b698ffaa149b87870c53a67b3d30ad201753906409298d4520f0321fdec98d18e45350cc1263cee855fccff49866c47be1d16951fd50b3218b5eda9d31844d462d01fa627e91cf42cf7f8deb5bd077a3cac2daa70f66b2937282a1ea41d9f9fef7808961631f498c70875a57103e59ced21744a92012923787bbd51b959b01513ba209e84cbc47fdcf87e6d8d6cc4b68fb98e0733ed35903216b2db03ae4ec7f3b444db4fb24882469bb6cf84d14927b568766bef74ad3d1a8ea0584ae28a99e5299ddb8c32ee457b8976648a5229ed1424dcee75ed49fdbfbeedc8c36652ca655dbba34f5a1ee03a17ba09b2d8934e684a198e414714ecca4524d34145d265c54297f1d92599cb7c46fbe8de408fd18cd9f1771708314535ec2a23f1207fdf59245b6bbec7e8c3f2c275e182b81e5c842258e23de5deabc3f0624bce82ad20c98023f0421d5c353f87783b41d68c5999b73e46f67d068f7a50d3a5f23354db0a0c809a557ef6a5d93609fb752d9c4b4b1855571b19c06dd07d84af655785ee538976e4f4744b1988e6899ec73440a5edc8cd66bc1c96deb0abfccecfbca21ed09955919cfdd47295bf0aa0e642e922924a8b594b40db37cfe1168e773ea379f3da27b9dca462e1d7b9051abadeb0971e2c28625c49c35be82a12320b33bedf6821d898cf874796f61c2f72aca9c0f564741b371719802c2c129958ee37ac65645f36e98ecaaba34fe8c1d186886499f67a262a3a21d8a860b549ae6d660418c87a865f1df38ca526f17415e9fbe311491474f50255f0ec6a4f67c7e5b9ed5344c66b1d65a7f654dc4633f5107695ebdf61fc3c4c5f77dc1cf9fa1c91b438ceab3c1ab9d568e47818a1b10886603b55e105d87e3a947808d729dec15a970160c21165289a2de9486ccbb87930dafbb73f9baf0215da7eda8c8e51dec75edc9d7008e69a00650dc310cb4a85609b23d29f64aa6d476ea2a54bdfb9855f534506667efab2a545fa7e5b5ca2d0cf67b52d64d489a9b3981e2836fba8f39c7078d269b7c843a167d44b28973b1acb2e806d865d97abe8b2dca531da1c6ebc34b2f22196e648a4551654fb34c8f6903a25b7106c778de6b07694527cdb432813ca3be9c1ebf589cadf7a45b785d1ed8e85e12dda3e1604b00f1958fad98e67a10a50a0c22c3460443916199fd52eb2d016a167b0ec106c19b6d45b71a540d85415892239072dd5b623e511a96a717158eca85e77801ac4ced28adb7d4c4f8536e82f2692c6260cf3b45dd97dc412557cf9cfc2129ed1bc2232277918a8b9ae26e5182d798e9ca38e3656b3835a5628bc504679a8b017ed364a08d6b4a90b0b75a0d241398f72076f7ad0e42c5cb0ac807db8d5cbf443c21936920e5d1f2d3eae33a36dd9cbcb88c2b39651b50bc1a61d1e7750921e36598e1d9552bca04ff8d5617341ecbdd429a1961a9b52b3a9352ed9d52d3e9e99529e8dbc2232271519cdd8ff9072640dd5f3dca4b30eecb202858ae73ada637191c30e01c42ab850d9afc7613e98499f9e6fd458eb7800424f51d79d5c87e33a52051ec098d1a116b38fee02832911e43545ecd179ade675c6a37633f5f5a51d9f316c3b2a65d03adf47f4c28f1d753aa251a980e770cb17f14c1c2be221a71c03eb4247ad722ebc9c36e76bed8efbe2395fe9c80ece047c467b3ffbc002d768865f6739dcf6a5aa4e31e6f536383cb066176fc114bb361ffbdd99a1bff92ac4faaf2e21d845aace2a26393288ed8e755e0d2e65b1ca9fd3f6ca28ce4be22916c6d79f6d9911d6326b8f9a9f5b6ca85d350679215815ce0e159dea4429c47890fab35acc9215eaebdaf4b98ad9912ae2b0b4a813c507ecce3bc8f44a9eb8fadcfc2165384a2d11cfaeb6fbf01945063d8b7d3ca322942b8c41b2f58c9e5444c9334643cf2de10645b54376baef4997d19e29927ed7ad2d779c331ef2e732bde55814bd0c9f22a50c31f115b2d20ff7fc0ab5a3d343b7b6b47219a527828ceef5439a35ce69da9819665be8274ce9881aa423faac659ccf5a48111653e016f96ccf84c3ebed2ca7aff3b0a3a00385958e8159d2a5af29c6428ff315baeecea8789505ecca9c7a4838fb0ac78a05bfcfa8b324abf58c9de463346387754a898b47592cdb557e369bb3145cb1746257afce71ce5aecefb6a0ceef8b5bc86a8dd73a31b9677a61fa7655c1f9147d2f9d21d8a447e7d319c04bf0aae5d9a9f2e799e533b7ba859f8dcfbc24a88dd6e89e76842de4faf936078d1bf4b2a258814187b9996f565520394adb91d39e9301fedfecb85b1cf6e26700697ab4d9009e614d07fd01fa8a2e47dba63c9eaf20a50cfb0c1206fa68acd6020f7a238485d6180f9315ea73a41307fdcc4b8d0ecc6b7fb7aa7acbb9f75c5c23910eba005b687666254aa28acec86b31bc90a44e97b72bd4c4d5892d729cc8f92a11b25dacf2378e5ea6f7bacc16f006fdd8478b11d64aeae424e7521fdb8b95f9177b0096d59fd7d9d176463034e6f6ac6d502556ba299166dd9e0963e0ba50b7e72bfab589aaef66db76a665a59edb36c77b9876e47770d55262a73fbf947eccb1a4c9169db688da95b91b8a99f59f2a7120692ef7b372744e2ad6e93a3ca4ba0fbb16f11a527a0456aab7e01c8d949a1559c9d174bdde1b3babd3b9eb42521b71ca4524c536657d6c453a3997d0595c0f06cc4e2f50bd637b0f4db78e4cdbe30cd577dd5e527794ad2e22d951e2d283b0ef674605db885955e8fe353b9e71fb995ca44e2cb18939c4a4a99259fd1e761424d9ce394f5a6a01f4a05107df85326a68576ee1ed158e150b419fd18c2302327fa0f14277819b34b748431732aaac8ff7a8c4ff743bfe3f88d79070745c31e3fd9707bd713aa9c63ee78515f8bca57cb6052af87e7ae5b67b2914da235016ae77aa1373e449178fc436ea629bec9ac69f09703fbb1cf7336178ad41bd49d3e6161a9da653489b74b65eb1cfbcdcc7c6c1e550c8ee02db8abe9f171a9f3953856b76eb48dbf4e6de0b55dfc223667b2ef52190e5d851a7f1de521739a6afafe0397594a84b15de52cbed7e248cefb325ac4b95eb35372a705bdb5c4a7b14fb9f74c07b9cd651b4598e7edc3e4f2975a3cdc149ecff0b30009ba46441dd9438fb0000000049454e44ae426082, 'J4', '2014-03-01', 0, 0),
('112010', 'Panji Sadewo', 0, 0, 'revilghost@gmail.com', '$2a$10$D0NogKQMnaFbHWZdrGt0lOWVC2GWX0Mf1iTENcqoB9LXJXaxrJ7w.', 'SN1', '11203', NULL, 'J1', '2019-03-21', 0, 0),
('11202', 'Beta', 0, 14, 'beta@mail.com', '$2a$10$dwrPe5cP9labjIro0pElBOnNPBV4g9NH09uDtlZdcse6L.nuUqhie', 'SN1', '11201', NULL, 'J2', '2015-03-01', 0, 0),
('11203', 'Charlie', 1, 14, 'Charlie@mail.com', '$2a$10$dwrPe5cP9labjIro0pElBOnNPBV4g9NH09uDtlZdcse6L.nuUqhie', 'SN2', '11201', NULL, 'J2', '2016-03-01', 0, 0),
('11204', 'Delta', 0, 7, 'delta@mail.com', '$2a$10$dwrPe5cP9labjIro0pElBOnNPBV4g9NH09uDtlZdcse6L.nuUqhie', 'SN1', '11202', NULL, 'J3', '2018-03-01', 0, 0),
('11205', 'Echo', 1, 7, 'echo@mail.com', '$2a$10$dwrPe5cP9labjIro0pElBOnNPBV4g9NH09uDtlZdcse6L.nuUqhie', 'SN2', '11203', NULL, 'J3', '2018-03-01', 1, 0),
('11206', 'Mas Dave', 0, 0, 'dav3rliando@gmail.com', '$2a$10$NJY7dkWhlpWoL4Cgttndwun10PQikjojdyAPbCcy1HsTBzZqxDlBm', 'SN1', '11201', NULL, 'J1', '2019-03-20', 0, 0),
('11207', 'Panji', 0, 0, 'revilghost@gmail.com', '$2a$10$B44/eht8wm8dEohH1VSTiuoqJvXuWREfobOdaxilYwUwlohaSNylW', 'SN1', '11201', NULL, 'J1', '2019-03-21', 0, 0),
('11208', 'Panji Sadewo', 0, 0, 'revilghost@gmail.com', '$2a$10$23hzxEefBXPSKSbv1DcZy.E7ZatAt8V33mY5F6ykngcR0sElNIYeS', 'SN1', '11202', NULL, 'J1', '2019-03-21', 0, 0),
('11209', 'Panji Sadewo', 0, 0, 'revilghost@gmail.com', '$2a$10$ePpWrbifJXsx96ZMUXXLludrbKcRYpI8amMh0LxTj9knkkdbLlmii', 'SN1', '11204', NULL, 'J1', '2019-03-21', 0, 0);

--
-- Triggers `tb_m_employee`
--
DELIMITER //
CREATE TRIGGER `setIdemployee` BEFORE INSERT ON `tb_m_employee`
 FOR EACH ROW BEGIN
DECLARE getId varchar(255);
SELECT nextIdemployee() INTO getId;
SET NEW.id = getId;
END
//
DELIMITER ;

-- --------------------------------------------------------

--
-- Table structure for table `tb_m_job`
--

CREATE TABLE IF NOT EXISTS `tb_m_job` (
  `ID` varchar(25) NOT NULL DEFAULT '',
  `DEPARTMENT` varchar(80) DEFAULT NULL
) ENGINE=InnoDB DEFAULT CHARSET=latin1;

--
-- Dumping data for table `tb_m_job`
--

INSERT INTO `tb_m_job` (`ID`, `DEPARTMENT`) VALUES
('J1', 'Director'),
('J2', 'Manager'),
('J3', 'Developer'),
('J4', 'Admin');

--
-- Triggers `tb_m_job`
--
DELIMITER //
CREATE TRIGGER `setIdjob` BEFORE INSERT ON `tb_m_job`
 FOR EACH ROW BEGIN
DECLARE getId varchar(255);
SELECT nextIdjob() INTO getId;
SET NEW.id = getId;
END
//
DELIMITER ;

-- --------------------------------------------------------

--
-- Table structure for table `tb_m_leave_type`
--

CREATE TABLE IF NOT EXISTS `tb_m_leave_type` (
  `ID` varchar(25) NOT NULL DEFAULT '',
  `TYPE` varchar(80) DEFAULT NULL
) ENGINE=InnoDB DEFAULT CHARSET=latin1;

--
-- Dumping data for table `tb_m_leave_type`
--

INSERT INTO `tb_m_leave_type` (`ID`, `TYPE`) VALUES
('JC1', 'General'),
('JC2', 'Parent Dead'),
('JC3', 'Family Dead'),
('JC4', 'Married'),
('JC5', 'Give birth');

--
-- Triggers `tb_m_leave_type`
--
DELIMITER //
CREATE TRIGGER `setIdLeave_type` BEFORE INSERT ON `tb_m_leave_type`
 FOR EACH ROW BEGIN
DECLARE getId varchar(255);
SELECT nextIdLeave_type() INTO getId;
SET NEW.id = getId;
END
//
DELIMITER ;

-- --------------------------------------------------------

--
-- Table structure for table `tb_m_libur_nasional`
--

CREATE TABLE IF NOT EXISTS `tb_m_libur_nasional` (
  `id` varchar(25) NOT NULL,
  `date` date NOT NULL,
  `keteragan` varchar(80) DEFAULT NULL
) ENGINE=InnoDB DEFAULT CHARSET=latin1;

--
-- Dumping data for table `tb_m_libur_nasional`
--

INSERT INTO `tb_m_libur_nasional` (`id`, `date`, `keteragan`) VALUES
('lb1', '2019-05-01', 'Hari Buruh'),
('lb2', '2019-05-19', 'Hari Raya Waisak'),
('lb3', '2019-05-30', 'Kenaikan Yesus Kristus'),
('lb4', '2019-06-01', 'Hari Lahir Pancasila'),
('lb5', '2019-06-03', 'Cuti Bersama'),
('lb6', '2019-06-04', 'Cuti Bersama'),
('lb7', '2019-06-05', 'Idul Fitri'),
('lb8', '2019-06-06', 'Idul Fitri'),
('lb9', '2019-06-07', 'Cuti Bersama');

-- --------------------------------------------------------

--
-- Table structure for table `tb_m_married_status`
--

CREATE TABLE IF NOT EXISTS `tb_m_married_status` (
  `ID` varchar(25) NOT NULL DEFAULT '',
  `STATUS` varchar(30) DEFAULT NULL
) ENGINE=InnoDB DEFAULT CHARSET=latin1;

--
-- Dumping data for table `tb_m_married_status`
--

INSERT INTO `tb_m_married_status` (`ID`, `STATUS`) VALUES
('SN1', 'Not yet married'),
('SN2', 'Married');

--
-- Triggers `tb_m_married_status`
--
DELIMITER //
CREATE TRIGGER `setIdMarried_status` BEFORE INSERT ON `tb_m_married_status`
 FOR EACH ROW BEGIN
DECLARE getId varchar(255);
SELECT nextIdMarried_status() INTO getId;
SET NEW.id = getId;
END
//
DELIMITER ;

-- --------------------------------------------------------

--
-- Table structure for table `tb_m_parameter`
--

CREATE TABLE IF NOT EXISTS `tb_m_parameter` (
  `ID` varchar(255) NOT NULL DEFAULT '',
  `VALUE` varchar(80) DEFAULT NULL,
  `DESCRIPTION` varchar(80) DEFAULT NULL
) ENGINE=InnoDB DEFAULT CHARSET=latin1;

--
-- Dumping data for table `tb_m_parameter`
--

INSERT INTO `tb_m_parameter` (`ID`, `VALUE`, `DESCRIPTION`) VALUES
('JATAH_CUTI_SEBULAN', '1', 'jumlah cuti yang didapat setiap bulan'),
('MAX_CUTI', '5', 'maksimal jumlah cuti yang dapat diambil secara berurutan'),
('tb_m_employee_ID_BEGIN', '1120', 'code awalan dari id'),
('tb_m_employee_TABLE_NAME', 'tb_m_employee', 'nama table'),
('tb_m_job_ID_BEGIN', 'J', 'code awalan dari id'),
('tb_m_job_TABLE_NAME', 'tb_m_job', 'nama table'),
('tb_m_leave_desc_ID_BEGIN', 'KC', 'code awalan dari id'),
('tb_m_leave_desc_TABLE_NAME', 'tb_m_leave_desc', 'nama table'),
('tb_m_leave_type_ID_BEGIN', 'JC', 'code awalan dari id'),
('tb_m_leave_type_TABLE_NAME', 'tb_m_leave_type', 'nama table'),
('tb_m_married_tb_m_status_ID_BEGIN', 'SN', 'code awalan dari id'),
('tb_m_married_tb_m_status_TABLE_NAME', 'tb_m_married_tb_m_status', 'nama table'),
('tb_m_request_ID_BEGIN', 'P', 'code awalan dari id'),
('tb_m_request_TABLE_NAME', 'tb_m_request', 'nama table'),
('tb_m_status_ID_BEGIN', 'S', 'code awalan dari id'),
('tb_m_status_TABLE_NAME', 'tb_m_status', 'nama table'),
('tb_t_leave_history_ID_BEGIN', 'RC', 'code awalan dari id'),
('tb_t_leave_history_TABLE_NAME', 'tb_t_leave_history', 'nama table'),
('tb_t_request_status_ID_BEGIN', 'SP', 'code awalan dari id'),
('tb_t_request_status_TABLE_NAME', 'tb_t_request_status', 'nama table');

-- --------------------------------------------------------

--
-- Table structure for table `tb_m_request`
--

CREATE TABLE IF NOT EXISTS `tb_m_request` (
  `ID` varchar(25) NOT NULL DEFAULT '',
  `STARTDATE` date DEFAULT NULL,
  `ENDDATE` date DEFAULT NULL,
  `TOTAL` bigint(20) DEFAULT NULL,
  `EMPLOYEE` varchar(25) DEFAULT NULL,
  `LEAVETYPE` varchar(25) DEFAULT NULL,
  `STATUS` varchar(25) DEFAULT NULL
) ENGINE=InnoDB DEFAULT CHARSET=latin1;

--
-- Dumping data for table `tb_m_request`
--

INSERT INTO `tb_m_request` (`ID`, `STARTDATE`, `ENDDATE`, `TOTAL`, `EMPLOYEE`, `LEAVETYPE`, `STATUS`) VALUES
('P1', '2018-03-19', '2018-03-19', 99, '11201', 'JC1', 'Reject'),
('P2', '2019-02-25', '2019-02-25', 1, '11205', 'JC1', 'Tidak dipakai'),
('P3', '0010-09-09', '0012-09-08', 2, '11201', 'JC1', 'Tidak dipakai'),
('P4', '0034-09-09', '0008-10-09', 4, '11205', 'JC1', 'Tidak dipakai'),
('P5', '0009-09-09', '0011-09-09', 2, '11201', 'JC1', 'Tidak dipakai'),
('P6', '2019-03-01', '2019-03-21', 21, '11201', 'JC1', 'Diproses');

--
-- Triggers `tb_m_request`
--
DELIMITER //
CREATE TRIGGER `setIdrequest` BEFORE INSERT ON `tb_m_request`
 FOR EACH ROW BEGIN
DECLARE getId varchar(255);
SELECT nextIdrequest() INTO getId;
SET NEW.id = getId;
END
//
DELIMITER ;

-- --------------------------------------------------------

--
-- Table structure for table `tb_m_status`
--

CREATE TABLE IF NOT EXISTS `tb_m_status` (
  `ID` varchar(25) NOT NULL DEFAULT '',
  `TYPE` varchar(30) DEFAULT NULL
) ENGINE=InnoDB DEFAULT CHARSET=latin1;

--
-- Dumping data for table `tb_m_status`
--

INSERT INTO `tb_m_status` (`ID`, `TYPE`) VALUES
('S1', 'Onproses'),
('S2', 'Accept'),
('S3', 'Reject'),
('S4', 'Cancelled');

--
-- Triggers `tb_m_status`
--
DELIMITER //
CREATE TRIGGER `setIdstatus` BEFORE INSERT ON `tb_m_status`
 FOR EACH ROW BEGIN
DECLARE getId varchar(255);
SELECT nextIdstatus() INTO getId;
SET NEW.id = getId;
END
//
DELIMITER ;

-- --------------------------------------------------------

--
-- Table structure for table `tb_t_request_status`
--

CREATE TABLE IF NOT EXISTS `tb_t_request_status` (
  `ID` varchar(25) NOT NULL DEFAULT '',
  `DATETIME` date DEFAULT NULL,
  `DESCRIPTION` varchar(80) DEFAULT NULL,
  `REQUEST` varchar(25) DEFAULT NULL,
  `STATUS` varchar(25) DEFAULT NULL
) ENGINE=InnoDB DEFAULT CHARSET=latin1;

--
-- Dumping data for table `tb_t_request_status`
--

INSERT INTO `tb_t_request_status` (`ID`, `DATETIME`, `DESCRIPTION`, `REQUEST`, `STATUS`) VALUES
('SP1', '2019-02-14', 'acce kakak', 'P1', 'S2'),
('SP2', '2019-02-15', 'Kantor sedang sibuk', 'P1', 'S3'),
('SP3', '2019-02-14', '', 'P2', 'S1'),
('SP4', '2019-03-17', '', 'P2', 'S1'),
('SP5', '2019-03-18', 'reject kakak', 'P3', 'S3'),
('SP6', '2019-03-21', '', 'P6', 'S1');

--
-- Triggers `tb_t_request_status`
--
DELIMITER //
CREATE TRIGGER `setIdrequest_status` BEFORE INSERT ON `tb_t_request_status`
 FOR EACH ROW BEGIN
DECLARE getId varchar(255);
SELECT nextIdrequest_status() INTO getId;
SET NEW.id = getId;
END
//
DELIMITER ;

--
-- Indexes for dumped tables
--

--
-- Indexes for table `tb_m_employee`
--
ALTER TABLE `tb_m_employee`
 ADD PRIMARY KEY (`ID`), ADD KEY `MARRIEDSTATUS` (`MARRIEDSTATUS`), ADD KEY `IDMANAGER` (`IDMANAGER`), ADD KEY `JOB` (`JOB`);

--
-- Indexes for table `tb_m_job`
--
ALTER TABLE `tb_m_job`
 ADD PRIMARY KEY (`ID`);

--
-- Indexes for table `tb_m_leave_type`
--
ALTER TABLE `tb_m_leave_type`
 ADD PRIMARY KEY (`ID`);

--
-- Indexes for table `tb_m_libur_nasional`
--
ALTER TABLE `tb_m_libur_nasional`
 ADD PRIMARY KEY (`id`);

--
-- Indexes for table `tb_m_married_status`
--
ALTER TABLE `tb_m_married_status`
 ADD PRIMARY KEY (`ID`);

--
-- Indexes for table `tb_m_parameter`
--
ALTER TABLE `tb_m_parameter`
 ADD PRIMARY KEY (`ID`);

--
-- Indexes for table `tb_m_request`
--
ALTER TABLE `tb_m_request`
 ADD PRIMARY KEY (`ID`), ADD KEY `EMPLOYEE` (`EMPLOYEE`), ADD KEY `LEAVETYPE` (`LEAVETYPE`);

--
-- Indexes for table `tb_m_status`
--
ALTER TABLE `tb_m_status`
 ADD PRIMARY KEY (`ID`);

--
-- Indexes for table `tb_t_request_status`
--
ALTER TABLE `tb_t_request_status`
 ADD PRIMARY KEY (`ID`), ADD KEY `REQUEST` (`REQUEST`), ADD KEY `STATUS` (`STATUS`);

--
-- Constraints for dumped tables
--

--
-- Constraints for table `tb_m_employee`
--
ALTER TABLE `tb_m_employee`
ADD CONSTRAINT `tb_m_employee_ibfk_1` FOREIGN KEY (`MARRIEDSTATUS`) REFERENCES `tb_m_married_status` (`ID`),
ADD CONSTRAINT `tb_m_employee_ibfk_2` FOREIGN KEY (`IDMANAGER`) REFERENCES `tb_m_employee` (`ID`),
ADD CONSTRAINT `tb_m_employee_ibfk_3` FOREIGN KEY (`JOB`) REFERENCES `tb_m_job` (`ID`);

--
-- Constraints for table `tb_m_request`
--
ALTER TABLE `tb_m_request`
ADD CONSTRAINT `tb_m_request_ibfk_1` FOREIGN KEY (`EMPLOYEE`) REFERENCES `tb_m_employee` (`ID`),
ADD CONSTRAINT `tb_m_request_ibfk_2` FOREIGN KEY (`LEAVETYPE`) REFERENCES `tb_m_leave_type` (`ID`);

--
-- Constraints for table `tb_t_request_status`
--
ALTER TABLE `tb_t_request_status`
ADD CONSTRAINT `tb_t_request_status_ibfk_1` FOREIGN KEY (`REQUEST`) REFERENCES `tb_m_request` (`ID`),
ADD CONSTRAINT `tb_t_request_status_ibfk_2` FOREIGN KEY (`STATUS`) REFERENCES `tb_m_status` (`ID`);

DELIMITER $$
--
-- Events
--
CREATE DEFINER=`root`@`localhost` EVENT `resetLeaveTotalPermanent` ON SCHEDULE EVERY 1 MONTH STARTS '2019-01-01 00:00:00' ON COMPLETION NOT PRESERVE ENABLE DO CALL resetLeaveTotal()$$

CREATE DEFINER=`root`@`localhost` EVENT `raiseLeaveTotal` ON SCHEDULE EVERY 1 MONTH STARTS '2019-01-01 00:00:00' ON COMPLETION NOT PRESERVE ENABLE DO CALL raiseLeaveTotal()$$

DELIMITER ;

/*!40101 SET CHARACTER_SET_CLIENT=@OLD_CHARACTER_SET_CLIENT */;
/*!40101 SET CHARACTER_SET_RESULTS=@OLD_CHARACTER_SET_RESULTS */;
/*!40101 SET COLLATION_CONNECTION=@OLD_COLLATION_CONNECTION */;
